,City,Lat,Max Temp,Cloudiness,Humidity,Wind Speed,Date
0,hermanus,-83.70343483949222,79.31,8.0,53.0,9.22,1516981888.0
1,mataura,-84.05780700908235,58.12,8.0,84.0,4.97,1516981889.0
2,albany,-87.21052087700166,21.2,20.0,48.0,3.36,1516978440.0
4,ushuaia,-84.84437295014685,57.2,40.0,62.0,20.8,1516978800.0
5,punta+arenas,-82.69031293973003,62.6,40.0,55.0,28.86,1516978800.0
9,bredasdorp,-81.05643638836789,73.4,100.0,73.0,16.11,1516978800.0
10,port+alfred,-85.36720735356135,76.34,56.0,79.0,16.82,1516981897.0
13,hobart,-81.40409181451756,59.0,20.0,87.0,2.24,1516978800.0
17,vaini,-82.94227141157104,68.74,0.0,58.0,2.51,1516981901.0
19,new+norfolk,-82.53684284958771,59.0,20.0,87.0,2.24,1516978800.0
20,bluff,-81.82407610622282,77.6,0.0,70.0,11.01,1516981904.0
25,busselton,-83.20528362078427,68.56,0.0,100.0,14.47,1516981905.0
46,cape+town,-76.18742637914963,71.6,20.0,73.0,27.51,1516978800.0
56,saint-philippe,-73.7157989179537,15.8,1.0,71.0,3.36,1516979700.0
61,east+london,-74.30494517814746,75.2,75.0,88.0,11.41,1516980840.0
69,rikitea,-72.33193517093224,80.21,76.0,98.0,17.05,1516981913.0
71,avarua,-74.71195380954588,75.2,75.0,83.0,1.12,1516978800.0
100,kaitangata,-71.0732448853751,56.45,12.0,86.0,4.18,1516981916.0
135,mar+del+plata,-66.42668165188667,74.72,0.0,32.0,17.83,1516981917.0
145,chuy,-65.83159410037119,75.53,48.0,74.0,14.47,1516981919.0
151,port+elizabeth,-69.99262666656777,33.8,1.0,58.0,4.63,1516978560.0
191,dunedin,-59.418690431256756,53.84,0.0,92.0,3.18,1516981922.0
209,souillac,-59.250377384293415,50.0,75.0,76.0,6.93,1516980600.0
228,tuatapere,-54.40186256421292,67.61,12.0,77.0,11.01,1516981926.0
234,mahebourg,-55.868694595012244,82.4,40.0,78.0,5.82,1516978800.0
256,port+lincoln,-49.99049137730111,74.72,8.0,78.0,9.78,1516981930.0
261,portland,-48.90653026295477,42.8,90.0,93.0,5.82,1516980060.0
263,castro,-49.86220134477147,57.89,80.0,81.0,4.29,1516981933.0
267,mount+gambier,-54.81715116595574,62.84,0.0,81.0,4.18,1516981831.0
270,arraial+do+cabo,-48.953854438920864,89.6,20.0,59.0,11.41,1516978800.0
291,comodoro+rivadavia,-47.624940042750175,82.4,0.0,23.0,17.22,1516978800.0
302,esperance,-45.033712795414566,84.2,20.0,62.0,16.11,1516978800.0
305,jamestown,-42.563458980618904,68.33,0.0,66.0,5.3,1516981941.0
310,coihaique,-46.51550312304033,62.6,20.0,45.0,10.29,1516978800.0
317,cidreira,-47.36897427437883,75.22,44.0,72.0,16.04,1516981944.0
329,rawson,-45.84161579818585,80.17,68.0,41.0,16.37,1516981947.0
333,te+anau,-44.117870604430635,55.42,8.0,89.0,4.18,1516981949.0
334,batemans+bay,-39.76752774455986,71.12,88.0,97.0,4.29,1516981950.0
340,nelson+bay,-38.27230875610638,75.2,8.0,88.0,6.93,1516978800.0
346,wairoa,-39.52219599979745,66.53,92.0,100.0,5.75,1516981954.0
347,greymouth,-41.907146840739244,66.26,36.0,100.0,2.17,1516981956.0
350,ancud,-42.65012418648894,59.6,88.0,76.0,4.97,1516981957.0
354,lebu,-36.895294949534815,68.0,0.0,23.0,13.87,1516978800.0
362,rocha,-36.64954163054715,76.52,56.0,55.0,9.66,1516981962.0
365,kruisfontein,-39.211425043606305,73.19,44.0,82.0,13.69,1516981963.0
370,lakes+entrance,-40.01727968553296,70.49,88.0,96.0,2.17,1516981965.0
381,bambous+virieux,-36.06433196572916,82.4,40.0,78.0,5.82,1516978800.0
383,san+rafael,-35.00524105827941,70.54,56.0,75.0,4.52,1516981944.0
384,geraldton,-34.98658792304368,28.4,90.0,92.0,11.41,1516980840.0
385,ulladulla,-37.945754939884516,71.6,90.0,100.0,4.7,1516980600.0
386,port+macquarie,-33.9371141704677,73.4,75.0,94.0,4.7,1516978800.0
389,corowa,-36.025602577483035,82.4,90.0,94.0,12.75,1516978800.0
397,tandil,-37.918325364906906,74.81,64.0,60.0,10.67,1516981977.0
400,necochea,-39.07916525594812,73.96,56.0,68.0,12.01,1516981979.0
402,griffith,-33.79867516670125,74.99,36.0,71.0,5.97,1516981981.0
405,luderitz,-36.241267729505495,75.2,0.0,57.0,32.21,1516978800.0
406,dargaville,-36.20788843066944,62.66,0.0,90.0,3.85,1516981984.0
417,port+augusta,-29.265122545204427,75.2,48.0,69.0,6.93,1516978800.0
418,julio+de+castilhos,-29.305609685652104,80.6,20.0,57.0,16.11,1516978800.0
425,moree,-29.54390647761,78.59,0.0,59.0,12.01,1516981989.0
426,vao,-29.564713299724275,35.17,80.0,99.0,7.43,1516981991.0
428,vallenar,-27.302052392961006,73.06,0.0,69.0,2.84,1516981992.0
431,gold+coast,-27.635581365888378,73.4,90.0,94.0,2.24,1516978800.0
432,kathu,-28.25702860815711,75.04,44.0,94.0,7.99,1516981995.0
433,imbituba,-29.28241561097516,73.4,75.0,83.0,6.93,1516978800.0
435,yulara,-27.281477508229543,89.6,0.0,33.0,8.05,1516978800.0
438,pisco,-28.243306643857913,75.2,0.0,73.0,9.17,1516978800.0
441,oranjemund,-30.47346529232316,66.04,88.0,94.0,14.58,1516982002.0
442,kaeo,-27.064065459813417,59.87,0.0,85.0,4.97,1516982003.0
443,flinders,-31.97543214294217,71.6,90.0,100.0,4.7,1516980600.0
445,avera,-28.367182212919943,53.6,1.0,52.0,4.7,1516980900.0
447,san+martin,-33.099889085145584,44.6,90.0,100.0,3.36,1516980900.0
448,ahipara,-27.86983165372313,62.39,0.0,100.0,2.84,1516982010.0
449,taltal,-25.61505421395398,75.89,0.0,48.0,4.07,1516982012.0
452,coquimbo,-26.383768617613903,64.4,90.0,77.0,3.36,1516978800.0
453,san+antonio,-33.642581375218924,62.6,20.0,67.0,10.29,1516978800.0
456,walvis+bay,-24.755891428695566,73.4,0.0,53.0,11.41,1516978800.0
457,isangel,-23.689976630534517,79.67,88.0,100.0,12.68,1516982020.0
459,sao+joao+da+barra,-23.98938187225744,91.4,40.0,43.0,8.05,1516978800.0
462,coolum+beach,-25.834226108532263,76.39,92.0,95.0,5.19,1516982024.0
465,mookane,-23.622240258609445,91.91,0.0,30.0,11.79,1516982025.0
466,vila+velha,-26.272544482229375,86.0,40.0,66.0,11.41,1516982400.0
467,roma,-27.091977179879507,57.2,40.0,66.0,12.75,1516980000.0
472,carnarvon,-22.665932037014734,75.26,92.0,40.0,10.33,1516982030.0
475,koumac,-21.78105556366697,74.54,68.0,98.0,10.78,1516982031.0
480,maun,-20.328198643806182,77.0,75.0,69.0,10.29,1516978800.0
482,tocopilla,-22.155000033761077,70.72,8.0,75.0,5.86,1516982036.0
486,alofi,-20.24570840794024,75.2,90.0,100.0,4.7,1516978800.0
487,maltahohe,-24.847829998510758,89.44,44.0,22.0,15.03,1516982039.0
498,puerto+ayora,-19.25500287039518,78.8,90.0,74.0,16.11,1516978800.0
500,itapecerica,-20.43065938003098,85.07,36.0,49.0,5.19,1516982042.0
504,iquique,-20.36039114157058,73.4,0.0,60.0,17.22,1516978800.0
507,cajati,-24.381397972148974,79.22,92.0,79.0,9.44,1516982047.0
508,angoche,-17.834015462785054,82.69,0.0,100.0,6.64,1516982049.0
510,saint-joseph,-26.17927214945824,55.4,90.0,71.0,11.41,1516980600.0
511,henties+bay,-21.317529203985096,67.97,0.0,89.0,10.78,1516982052.0
516,caravelas,-22.5465918239033,79.54,0.0,100.0,11.23,1516982053.0
517,morondava,-18.70077222994638,88.04,8.0,68.0,7.87,1516982055.0
520,innisfail,-17.15384612241395,1.4,40.0,84.0,6.93,1516978800.0
523,ilhabela,-23.991207881426813,76.21,88.0,100.0,8.43,1516982058.0
525,teahupoo,-18.641186427282513,75.2,0.0,78.0,1.12,1516980600.0
527,haapiti,-19.62307415583509,75.2,24.0,78.0,1.12,1516980600.0
530,port+hedland,-16.969702775888607,84.2,76.0,83.0,8.05,1516978800.0
531,mount+isa,-18.65284177630501,78.8,44.0,74.0,2.24,1516978800.0
532,luganville,-15.570099215306955,76.88,92.0,100.0,9.78,1516982068.0
533,hithadhoo,-14.362359324162053,83.27,80.0,99.0,9.44,1516982069.0
536,georgetown,-14.461911993765076,86.0,0.0,58.0,13.87,1516978800.0
539,belmonte,-15.483766723010024,47.59,0.0,75.0,11.9,1516982076.0
541,san+ramon,-13.972241858020492,68.0,40.0,82.0,18.34,1516978800.0
545,bambanglipuro,-16.534247832214405,77.11,76.0,84.0,2.84,1516982080.0
546,fare,-12.335233999788953,82.42,92.0,99.0,7.76,1516982083.0
551,sambava,-13.015789857446913,82.51,8.0,100.0,16.26,1516982085.0
552,pontes+e+lacerda,-14.986089978683713,86.29,0.0,92.0,4.18,1516982087.0
553,atuona,-12.787718753466677,76.57,92.0,100.0,14.58,1516982089.0
554,luziania,-16.166898543649538,66.2,75.0,93.0,6.93,1516980000.0
555,pau+brasil,-15.485743065054585,84.89,32.0,77.0,5.53,1516982092.0
558,namibe,-18.446874080883703,77.74,0.0,100.0,11.01,1516982095.0
559,taiobeiras,-15.86193357128836,84.26,8.0,54.0,6.31,1516982097.0
560,san+matias,-17.193744039682706,68.0,75.0,72.0,16.11,1516982400.0
561,cairns,-14.066058406770352,78.8,40.0,88.0,10.29,1516978800.0
563,lakatoro,-16.627613777943548,73.64,92.0,100.0,2.28,1516982102.0
567,campos+altos,-19.59019418259187,82.01,0.0,71.0,7.2,1516982103.0
569,lata,-10.901956271714235,28.51,0.0,100.0,1.83,1516982106.0
570,faanui,-10.753049129493032,81.97,48.0,100.0,10.33,1516982108.0
572,ambanja,-13.779018816111718,75.17,88.0,94.0,1.39,1516982110.0
574,macusani,-13.146139217155056,55.87,92.0,100.0,2.62,1516982112.0
575,waingapu,-10.059810647262736,71.71,92.0,100.0,5.75,1516982113.0
576,cap+malheureux,-13.522307921436196,82.4,40.0,78.0,5.82,1516978800.0
582,nhulunbuy,-12.348704660062078,77.0,92.0,100.0,3.36,1516978800.0
584,sechura,-8.320249435768263,76.07,0.0,75.0,8.43,1516982118.0
585,inhambupe,-11.901461482576346,85.39,20.0,80.0,6.64,1516982119.0
586,nacala,-14.473509257542043,83.18,8.0,88.0,5.19,1516982120.0
587,morros,-9.207399928622365,86.0,75.0,70.0,13.87,1516982400.0
591,porto+velho,-8.670943993743574,80.6,75.0,78.0,2.24,1516978800.0
592,ambilobe,-10.943184147054698,76.84,80.0,99.0,3.62,1516982125.0
593,kupang,-12.406310666070905,80.6,90.0,88.0,5.82,1516978800.0
596,maracas,-13.163455245490418,84.2,20.0,62.0,16.11,1516978800.0
600,nabire,-7.152546042075346,69.59,56.0,93.0,1.95,1516982134.0
602,praya,-14.349201761518088,75.2,90.0,100.0,8.05,1516980600.0
605,daru,-12.919206530250941,94.07,0.0,35.0,4.41,1516982137.0
607,iberia,-11.410878647211113,82.87,20.0,78.0,3.06,1516982139.0
609,indiaroba,-11.513327061850369,86.29,68.0,67.0,9.66,1516982140.0
610,padang,-7.020709347487024,82.73,20.0,100.0,2.06,1516982142.0
613,buin,-7.410855754036406,73.4,0.0,46.0,8.05,1516982400.0
618,gondanglegi,-10.526615270564887,72.74,80.0,92.0,2.51,1516982147.0
620,tamandare,-11.97959466827557,82.82,20.0,83.0,3.74,1516982148.0
621,hualmay,-12.741907057427746,75.22,8.0,64.0,4.85,1516982150.0
622,santo+antonio+do+ica,-4.031009498677818,84.53,32.0,79.0,3.4,1516982152.0
623,touros,-4.807641368704509,86.33,56.0,68.0,13.69,1516982153.0
624,cabedelo,-5.874592810599745,86.0,75.0,55.0,11.41,1516978800.0
626,reriutaba,-4.07303420471688,81.79,64.0,72.0,4.29,1516982156.0
627,tabou,-3.848529773267206,77.02,56.0,100.0,7.87,1516982158.0
628,ruteng,-7.464099240643425,73.01,100.0,99.0,7.2,1516982159.0
629,san+cristobal,-2.9830533718287526,59.0,75.0,67.0,18.34,1516978800.0
631,sola,-10.26983456292851,35.6,90.0,94.0,5.82,1516980000.0
633,paita,-7.423228846942781,80.48,0.0,55.0,5.97,1516982164.0
635,sikonge,-5.768113987666032,71.89,80.0,87.0,3.74,1516982166.0
638,pitimbu,-7.397478274261847,86.0,75.0,55.0,11.41,1516978800.0
641,takoradi,-2.533667257197952,83.59,0.0,91.0,7.65,1516982169.0
643,karema,-6.55968106523754,74.45,88.0,77.0,3.18,1516982170.0
646,popondetta,-8.541170627382394,68.92,92.0,96.0,1.95,1516982172.0
650,tutoia,-0.5588371708309356,87.8,40.0,70.0,10.29,1516978800.0
651,jacareacanga,-8.219460161006364,84.2,75.0,79.0,3.36,1516978800.0
652,bukama,-8.716375675494044,78.77,32.0,92.0,3.4,1516982178.0
653,victoria,0.5901025340594188,77.0,90.0,94.0,4.7,1516978800.0
655,nauta,-3.8732678136582344,81.34,48.0,88.0,3.74,1516982182.0
657,thinadhoo,1.4702208553183667,82.69,92.0,100.0,7.54,1516982183.0
659,puerto+narino,-3.946709433774596,80.6,75.0,83.0,3.36,1516978800.0
661,ipixuna,-7.025763078584045,82.4,75.0,78.0,11.41,1516982400.0
663,port-gentil,-2.4803020674227847,86.0,40.0,70.0,11.41,1516978800.0
665,kavieng,-0.5415319157431941,83.36,76.0,100.0,16.82,1516982191.0
666,boa+vista,2.3973041968222724,91.4,75.0,36.0,17.22,1516982400.0
667,yantzaza,-4.090939708256937,71.84,24.0,77.0,2.95,1516982195.0
670,inongo,-2.0898803279110636,82.1,12.0,76.0,1.5,1516982197.0
671,mugumu,-2.221039077793365,76.07,0.0,50.0,3.96,1516982198.0
673,san+patricio,3.92714848728005,82.46,68.0,80.0,3.4,1516982202.0
675,kijang,0.8102503885916343,19.4,0.0,44.0,11.41,1516978800.0
676,lorengau,3.478052106216575,84.67,100.0,98.0,17.6,1516982206.0
677,trairi,0.5481983009526248,81.11,68.0,100.0,9.89,1516982208.0
680,caucaia,0.3756662480826414,86.0,40.0,66.0,11.41,1516982400.0
682,kloulklubed,3.274077573163799,80.6,75.0,83.0,6.93,1516978200.0
683,roura,4.555172417419751,82.4,75.0,78.0,10.29,1516980600.0
684,balaipungut,0.8186737574974989,78.41,8.0,87.0,3.51,1516982214.0
685,manggar,-4.48894657080181,77.96,44.0,95.0,6.42,1516982216.0
687,bubaque,2.3090801286434894,93.2,20.0,20.0,8.05,1516978800.0
689,wewak,-3.029674137092154,78.59,76.0,90.0,4.29,1516982220.0
693,tarakan,2.603454048009164,79.27,24.0,100.0,2.84,1516982104.0
694,limoeiro+do+ajuru,-1.7645568869171075,82.55,80.0,88.0,5.41,1516982226.0
695,la+primavera,5.084191415243513,75.2,20.0,53.0,6.93,1516978800.0
696,muisne,1.4547537402699797,76.7,80.0,95.0,4.63,1516982230.0
697,rovira,4.2354500139678,80.6,75.0,57.0,6.93,1516978800.0
698,bitung,2.8967715869973265,77.0,20.0,100.0,12.68,1516980600.0
700,kanniyakumari,5.220780583507501,80.75,0.0,100.0,3.74,1516982236.0
703,hobyo,1.1287451825392303,77.06,0.0,72.0,16.82,1516982239.0
704,matara,-0.03263269851553052,53.6,75.0,58.0,1.83,1516978800.0
707,parrita,7.263422337541035,77.0,20.0,53.0,21.92,1516978800.0
710,ixtapa,2.1700656853418003,69.8,20.0,77.0,2.28,1516977840.0
711,lethem,3.0467560598338217,89.57,8.0,46.0,13.02,1516982246.0
712,hilo,1.606170919765427,71.6,90.0,83.0,10.29,1516980960.0
713,brokopondo,4.389481107100663,84.2,20.0,70.0,13.87,1516978800.0
714,butaritari,6.4101598946079905,82.42,80.0,99.0,18.28,1516982251.0
715,sao+gabriel+da+cachoeira,1.3409979988364658,81.74,76.0,86.0,2.73,1516982253.0
716,pochutla,6.802386356022524,80.6,5.0,100.0,5.53,1516978260.0
718,kieta,2.3396386963321243,79.22,64.0,100.0,13.8,1516982258.0
721,jalingo,8.921436621675449,86.69,0.0,21.0,6.64,1516982259.0
723,seremban,2.684212713495607,78.8,75.0,83.0,3.36,1516978800.0
724,mazagao,0.8403759881901662,87.8,40.0,66.0,8.05,1516978800.0
725,palu,0.7817973118094268,67.84,48.0,71.0,1.61,1516982264.0
727,meulaboh,2.1846189706366115,76.88,68.0,100.0,5.86,1516982267.0
728,harper,1.8667297550378894,55.4,90.0,100.0,14.03,1516979700.0
729,sapa,3.960229164606166,80.6,75.0,88.0,11.41,1516978800.0
730,ippy,7.293613820701176,87.82,0.0,42.0,7.31,1516982272.0
735,ca+mau,8.182151833986698,78.91,0.0,83.0,10.78,1516982275.0
736,puerto+carreno,6.182493700935028,89.6,75.0,55.0,19.46,1516978800.0
737,cayenne,11.407922365011,82.4,75.0,78.0,10.29,1516980600.0
738,bacolod,9.206948475927387,77.11,12.0,92.0,5.19,1516982280.0
739,garowe,9.666805774987477,80.75,0.0,30.0,3.62,1516982282.0
742,bandarbeyla,7.123793495944444,75.31,0.0,100.0,16.26,1516982283.0
743,santa+cruz,9.229636191080122,44.6,90.0,100.0,3.36,1516980900.0
744,kavaratti,10.868793701346174,81.16,0.0,100.0,5.86,1516982288.0
747,wattegama,5.61208818864167,75.04,36.0,72.0,5.64,1516982290.0
748,ugoofaaru,5.507202350720894,82.87,12.0,96.0,10.56,1516982291.0
750,trat,11.269932112513688,74.72,24.0,100.0,2.51,1516982293.0
753,kapaa,13.697612553358097,64.4,1.0,100.0,5.82,1516978560.0
756,guerrero+negro,13.670464090677045,50.92,44.0,100.0,6.31,1516982299.0
759,matiguas,12.910527992250355,68.0,40.0,82.0,18.34,1516978800.0
760,colombo,6.9555834392031555,80.6,0.0,65.0,5.82,1516979400.0
761,santa+marta,12.207280715850004,84.2,40.0,74.0,9.17,1516978800.0
762,san+policarpo,14.320459355576217,78.68,92.0,100.0,4.85,1516982305.0
763,cabo+san+lucas,9.69737199756041,66.2,5.0,32.0,2.24,1516977840.0
764,puerto+escondido,13.88787201891998,78.8,5.0,57.0,4.29,1516977660.0
766,semme,14.612949086574035,42.8,75.0,81.0,4.7,1516980600.0
767,villa+bruzual,8.948181131839146,83.86,76.0,53.0,4.63,1516982311.0
769,buluang,13.048731916380557,80.6,75.0,88.0,2.24,1516978800.0
770,acajutla,7.355326091764035,81.61,0.0,51.0,9.33,1516982315.0
773,mutis,6.143637974496489,75.17,92.0,100.0,5.08,1516982318.0
775,goderich,6.521899743410678,29.36,8.0,82.0,18.05,1516982320.0
777,abeche,13.117948713284557,87.8,0.0,19.0,4.7,1516978800.0
778,tahoua,16.78015675036513,80.6,64.0,18.0,16.11,1516978800.0
779,sur,16.817117454622924,69.82,0.0,100.0,3.18,1516982324.0
782,punto+fijo,11.86560336031358,83.77,8.0,63.0,20.62,1516982329.0
784,dong+xoai,11.746331432868999,73.69,88.0,95.0,2.73,1516982330.0
785,siruguppa,15.594036129634722,71.84,0.0,58.0,4.29,1516982332.0
786,makakilo+city,17.32037265608944,69.8,1.0,93.0,4.7,1516978620.0
787,port+blair,13.65958302759216,81.65,68.0,100.0,11.01,1516982336.0
789,odienne,10.293459130655812,92.0,0.0,24.0,8.32,1516982339.0
791,qandala,13.482894439170469,66.89,0.0,83.0,3.29,1516982341.0
793,faya,17.960754273356912,64.4,0.0,77.0,10.29,1516978800.0
795,sinnamary,11.311042283267538,77.47,92.0,100.0,8.55,1516982344.0
797,airai,17.508200516383255,72.29,88.0,90.0,2.95,1516982347.0
799,rabak,13.198153834701975,85.61,8.0,20.0,13.58,1516982349.0
801,bocana+de+paiwas,13.005375522534365,71.39,80.0,98.0,12.68,1516982350.0
802,bathsheba,13.66470709951,82.4,20.0,69.0,14.99,1516978800.0
804,ribeira+brava,17.60449514518506,62.6,75.0,55.0,20.8,1516980600.0
806,aquin,18.504699913713907,75.8,76.0,100.0,6.31,1516982356.0
808,vila+do+maio,14.371572016014728,78.8,0.0,50.0,23.04,1516978800.0
810,saint-francois,16.696522248518747,44.6,90.0,87.0,3.36,1516980600.0
812,chandrapur,19.94761999587591,60.59,0.0,61.0,4.07,1516982364.0
813,nouadhibou,20.702630518531628,82.4,0.0,18.0,18.34,1516978800.0
814,oistins,12.007112014574163,82.4,20.0,69.0,14.99,1516978800.0
815,lahij,13.981274501423245,74.14,0.0,60.0,6.31,1516982369.0
817,ponta+do+sol,20.002347908402854,84.8,36.0,51.0,6.98,1516982371.0
820,palizada,18.61044434198509,73.4,90.0,88.0,6.93,1516978080.0
822,zacualpan,16.548752635305796,69.8,20.0,93.0,2.28,1516978200.0
825,salalah,14.815131092723373,73.4,0.0,56.0,5.82,1516978200.0
826,mundi,22.130089760939136,32.29,0.0,76.0,1.95,1516982378.0
828,atar,20.904336047198747,78.8,0.0,15.0,9.17,1516978800.0
829,nishihara,22.967633209012334,33.8,1.0,45.0,10.56,1516978800.0
831,kihei,20.569958945732495,64.4,1.0,93.0,3.36,1516978560.0
832,goundam,16.781466119241767,83.63,0.0,31.0,9.22,1516982386.0
835,mecca,19.30535665457689,77.0,0.0,38.0,2.24,1516978800.0
837,taitung,21.67356866255159,60.86,44.0,100.0,18.05,1516982389.0
840,ewa+beach,18.15234705650835,69.8,1.0,93.0,4.7,1516978620.0
843,abu+samrah,22.30200081434555,47.9,44.0,96.0,5.64,1516982394.0
845,nara,16.51926295188816,32.0,40.0,83.0,14.99,1516980600.0
847,bilma,19.73964954088446,69.5,8.0,41.0,8.99,1516982397.0
849,constitucion,23.248519922761915,37.4,90.0,100.0,3.36,1516978020.0
850,nuevo+progreso,23.360384894235494,66.2,90.0,100.0,6.64,1516980720.0
852,katsuura,21.64237283499715,33.8,75.0,50.0,17.22,1516981680.0
859,road+town,23.57253504450274,82.4,40.0,61.0,8.05,1516978800.0
862,abha,20.487535688104003,64.4,0.0,77.0,10.29,1516978800.0
863,jalgaon,21.21215653845431,58.12,0.0,56.0,3.62,1516982424.0
864,thayetmyo,19.111322498665924,67.7,8.0,77.0,3.18,1516982427.0
865,ishigaki,23.274979191584972,64.51,76.0,100.0,24.54,1516982429.0
866,awbari,27.054106113252836,61.49,0.0,26.0,10.78,1516982431.0
868,codrington,22.848514983875752,68.24,32.0,95.0,2.28,1516982432.0
869,goalpara,25.832959064622926,53.71,0.0,81.0,5.97,1516982434.0
870,waddan,25.94134374027312,60.82,0.0,41.0,4.18,1516982436.0
871,naze,24.374863218060522,91.4,24.0,38.0,4.7,1516978800.0
872,the+valley,25.148215370814427,82.4,20.0,65.0,17.22,1516978800.0
873,olpad,21.333231784112456,72.92,0.0,71.0,7.43,1516982441.0
874,karachi,24.805400453720814,69.68,0.0,96.0,6.76,1516982443.0
875,ribeira+grande,26.88602637458927,60.8,75.0,63.0,13.87,1516980600.0
879,simao,23.116504674389162,50.29,0.0,79.0,2.95,1516982446.0
880,dwarka,20.62759819085592,55.4,0.0,93.0,4.7,1516978800.0
882,los+llanos+de+aridane,29.570698628794553,66.2,75.0,59.0,17.22,1516978800.0
883,rock+sound,24.414649326935702,74.27,12.0,100.0,32.14,1516982451.0
885,shingu,27.423150099183307,38.99,8.0,100.0,19.84,1516982452.0
886,tecolutla,21.901664006762708,58.84,0.0,63.0,2.39,1516982454.0
891,saint+george,28.294616817747276,46.4,0.0,65.0,5.82,1516980000.0
892,cockburn+town,28.499972663664458,78.01,20.0,99.0,26.55,1516982457.0
895,ratangarh,24.930840688356465,55.06,0.0,63.0,6.98,1516982459.0
897,bhadasar,28.345870569215663,55.06,0.0,63.0,6.98,1516982461.0
900,buraydah,26.857116221101755,68.0,0.0,40.0,3.36,1516978800.0
902,pasni,23.898084422836316,71.89,0.0,76.0,8.88,1516982464.0
903,shimoda,29.18438866453958,39.49,32.0,100.0,15.37,1516982465.0
905,alexandria,32.86045604372709,53.6,75.0,54.0,4.7,1516980900.0
906,umm+lajj,26.066035589443484,64.51,0.0,95.0,13.47,1516982468.0
908,hasaki,26.17332843861066,26.6,20.0,45.0,4.7,1516980600.0
909,aswan,23.928123230588458,66.2,0.0,20.0,10.29,1516978800.0
910,mehriz,31.586595151005447,59.0,75.0,28.0,2.24,1516980600.0
913,zhongshu,24.674771181688193,56.0,0.0,56.0,12.57,1516982474.0
914,vicksburg,31.9150628333505,51.8,1.0,41.0,5.82,1516981980.0
916,carlsbad,32.2403970981201,39.2,90.0,93.0,6.93,1516980600.0
917,bayana,26.731500437187186,57.22,0.0,65.0,2.84,1516982479.0
918,liuzhou,24.227904116029375,37.1,92.0,100.0,8.43,1516982480.0
920,darnah,32.88750314106328,57.94,0.0,100.0,18.84,1516982482.0
921,marsh+harbour,28.54918262676932,71.57,8.0,100.0,28.9,1516982483.0
922,tezu,32.12004030155438,44.26,8.0,77.0,1.83,1516982485.0
923,hongjiang,26.547434306190464,26.57,92.0,93.0,3.85,1516982487.0
924,corsicana,32.176953025208405,51.8,90.0,76.0,11.41,1516979700.0
925,myitkyina,26.728258738213178,58.34,0.0,89.0,2.28,1516982489.0
926,kahului,28.622015950254994,64.4,1.0,93.0,3.36,1516978560.0
927,opelousas,30.390065764141426,53.6,75.0,66.0,5.82,1516980900.0
930,torbay,35.394579449707145,26.6,75.0,79.0,11.41,1516978800.0
931,mianyang,31.22969509835006,33.14,92.0,95.0,6.76,1516982497.0
935,tomigusuku,26.759440185524593,57.2,90.0,71.0,8.05,1516982160.0
937,fort+walton+beach,29.191784342448997,53.6,90.0,66.0,11.41,1516981080.0
938,lompoc,33.34022081350692,44.6,1.0,100.0,9.1,1516980900.0
941,khairpur,27.438475464239342,60.14,0.0,80.0,2.62,1516982505.0
944,yaan,31.07800323535496,97.85,0.0,21.0,6.98,1516982506.0
945,huangmei,29.951219237834188,30.26,92.0,100.0,15.7,1516982508.0
946,nikolskoye,31.73813334766715,37.4,90.0,86.0,4.47,1516980600.0
948,borger,35.858224206455475,42.8,90.0,100.0,3.36,1516982100.0
949,fukue,32.11073320227242,32.0,75.0,100.0,23.04,1516980600.0
950,winslow,35.15766734450488,46.4,75.0,87.0,4.7,1516982160.0
952,sukumo,32.13834325064314,36.52,12.0,87.0,14.47,1516982517.0
953,half+moon+bay,29.49659991666177,44.6,1.0,100.0,5.19,1516981260.0
955,north+augusta,33.04954753834515,26.6,1.0,49.0,3.18,1516982100.0
956,fortuna,32.25263194142958,59.0,40.0,48.0,16.11,1516978800.0
958,bafq,32.779883986353255,51.32,24.0,32.0,2.95,1516982545.0
959,monticello,33.836886849292846,46.4,1.0,56.0,18.34,1516981800.0
960,fukuma,35.90985467103606,33.8,90.0,50.0,5.82,1516980600.0
963,bullhead+city,34.9038488886071,51.8,1.0,29.0,14.99,1516980900.0
968,shelburne,39.94080649911477,32.0,1.0,74.0,13.87,1516978800.0
969,pacific+grove,34.47399114388249,42.8,90.0,100.0,3.36,1516980900.0
972,vrangel,40.14547061977875,10.28,0.0,100.0,26.66,1516982558.0
975,severo-kurilsk,31.74916018743145,26.71,20.0,100.0,10.22,1516982560.0
977,clifton,39.7883419792626,71.6,0.0,83.0,10.29,1516978800.0
978,linqing,36.63952501761489,16.31,76.0,63.0,3.18,1516982563.0
979,amherstburg,41.999052136453486,44.6,1.0,85.0,11.41,1516981980.0
980,tucumcari,34.97875127383106,46.4,1.0,33.0,14.99,1516981980.0
982,safranbolu,41.05805537849682,31.61,64.0,75.0,1.95,1516982274.0
986,pahrump,38.16400747304813,44.6,1.0,30.0,9.17,1516981980.0
988,bethel,42.125662610739,-7.61,1.0,69.0,18.34,1516978380.0
989,calvia,39.19967939799778,55.4,20.0,71.0,8.05,1516978800.0
990,afsin,38.80385495916603,32.69,68.0,94.0,2.73,1516982575.0
991,yumen,36.33151238982541,-1.6,76.0,68.0,3.51,1516982576.0
994,yining,42.99702039775546,28.51,92.0,87.0,2.95,1516982578.0
995,linxia,35.69907009116064,10.51,76.0,78.0,1.5,1516982579.0
996,kodiak,38.91380746329613,50.0,1.0,53.0,23.04,1516978380.0
997,lipari,39.23819979773616,59.0,20.0,58.0,13.87,1516978500.0
998,anderson,40.50163875722263,46.4,1.0,65.0,2.73,1516979700.0
1000,kaka,38.38442804605039,32.06,80.0,93.0,2.51,1516982586.0
1002,mola+di+bari,41.88735415514119,57.2,0.0,58.0,4.7,1516980000.0
1003,provideniya,43.12088638922128,2.86,32.0,100.0,6.42,1516982589.0
1005,carbonia,38.32506048307698,60.8,40.0,77.0,9.17,1516980000.0
1006,vila+franca+do+campo,40.55319441660129,59.0,75.0,62.0,11.41,1516980600.0
1007,monforte+de+lemos,42.60659624362644,41.78,92.0,100.0,4.63,1516982594.0
1008,paragould,36.06535858334556,44.6,1.0,70.0,12.75,1516978740.0
1009,astara,38.246321878928434,39.2,90.0,86.0,10.29,1516978800.0
1014,cheyenne,40.89963070389696,26.6,1.0,45.0,12.75,1516979340.0
1015,nemuro,41.44182563178844,27.07,32.0,100.0,20.51,1516982600.0
1017,qobustan,39.88147786774499,39.2,90.0,93.0,12.75,1516980600.0
1019,camacha,37.824936797960646,62.6,40.0,55.0,18.34,1516980600.0
1020,bay+roberts,44.87655883968339,26.6,75.0,79.0,8.05,1516978800.0
1021,constantine,38.19283965666188,55.4,75.0,54.0,16.11,1516980600.0
1025,saint-pierre,40.22282218471764,44.6,90.0,81.0,4.7,1516980600.0
1026,milford,42.136355163230235,50.0,1.0,65.0,20.8,1516982040.0
1028,bemidji,47.5294405046447,26.6,1.0,86.0,4.7,1516980900.0
1029,campbellton,47.35206145374134,5.92,0.0,57.0,8.99,1516982615.0
1031,solhan,39.40616095052582,32.51,88.0,100.0,2.39,1516982616.0
1033,kungurtug,47.07995843648891,-36.3,20.0,0.0,2.17,1516982618.0
1034,erenhot,44.18011665995844,-16.99,20.0,22.0,1.95,1516982620.0
1035,port+hardy,44.98765759789474,32.0,75.0,100.0,4.7,1516978800.0
1038,aviles,45.72708650945245,50.0,40.0,81.0,10.29,1516978800.0
1039,beyneu,44.87672562822578,6.41,36.0,83.0,19.51,1516982624.0
1041,ayagoz,47.98879353736692,-29.64,12.0,46.0,14.47,1516982627.0
1043,tongliao,42.96693414084278,-11.41,0.0,57.0,8.21,1516982629.0
1047,hami,42.12793179354318,9.07,20.0,80.0,2.62,1516982630.0
1051,thunder+bay,48.162068057967595,32.0,90.0,92.0,11.41,1516978800.0
1052,bennington,42.71814509434459,23.0,1.0,41.0,5.82,1516981980.0
1053,agrij,47.105823733750086,32.0,0.0,97.0,4.7,1516980600.0
1055,dingle,48.1898489218907,78.23,32.0,88.0,8.88,1516982639.0
1058,douglas,43.37475753848246,33.8,75.0,92.0,2.73,1516978560.0
1060,krasnoarmeysk,51.119788428093926,28.4,0.0,46.0,13.42,1516980600.0
1061,emba,48.3737239771117,51.8,40.0,76.0,5.82,1516982400.0
1062,verdun,49.10522884518031,44.6,90.0,93.0,3.36,1516980600.0
1065,gloversville,43.21336204690621,23.0,1.0,41.0,5.82,1516981980.0
1066,grojdibodu,43.68188598336595,30.2,0.0,68.0,5.82,1516980600.0
1067,fort-shevchenko,45.610989508786446,26.21,68.0,100.0,16.26,1516982653.0
1068,alekseyevka,51.97685878548294,6.8,0.0,60.0,11.18,1516980600.0
1070,spearfish,44.35355890517408,33.8,0.0,50.0,18.34,1516980900.0
1072,kenmare,51.66253690446647,47.0,88.0,95.0,12.91,1516982658.0
1074,kachiry,52.61876439897802,-19.96,44.0,30.0,6.2,1516982660.0
1076,chapais,52.25742641087058,-16.61,1.0,75.0,2.24,1516978800.0
1077,turochak,52.0549098613356,-34.45,0.0,0.0,0.72,1516982664.0
1078,hampton,45.355994567791114,71.6,0.0,83.0,10.29,1516978800.0
1080,praia+da+vitoria,46.19885951749243,59.0,75.0,62.0,12.35,1516978800.0
1082,lagoa,46.169404795803516,59.0,20.0,62.0,17.22,1516980600.0
1084,lida,53.835389435888075,30.67,76.0,90.0,14.03,1516982673.0
1086,wenatchee,47.385971793451226,26.6,90.0,100.0,4.7,1516978500.0
1089,saint-augustin,51.67758557596474,51.8,36.0,76.0,4.7,1516980600.0
1090,elban,50.17136980417493,-13.3,20.0,61.0,4.63,1516982681.0
1091,vostok,47.86363966089611,-17.71,36.0,73.0,2.17,1516982682.0
1092,tungor,53.443896114903914,-0.79,64.0,77.0,37.85,1516982684.0
1094,abbeville,49.82387782140692,46.4,20.0,81.0,5.82,1516980600.0
1095,sept-iles,54.528570947976434,3.2,40.0,45.0,5.82,1516978800.0
1096,fernie,49.88045683383011,28.4,75.0,68.0,6.93,1516978800.0
1097,sobolevo,54.610626242685946,24.59,76.0,72.0,17.72,1516982690.0
1098,rudiskes,54.430220490015614,35.6,75.0,86.0,16.11,1516981800.0
1099,catalina,48.58785046600274,87.8,20.0,66.0,4.18,1516978800.0
1102,westport,56.42348604089323,41.0,90.0,100.0,9.17,1516980600.0
1103,ruzhyn,49.8391057336807,13.52,0.0,81.0,10.22,1516982696.0
1105,novy+jicin,49.5725623622037,35.6,24.0,80.0,10.29,1516980600.0
1107,novobirilyussy,57.85554278328119,-36.57,8.0,0.0,2.84,1516982699.0
1108,girvan,55.21387089739068,42.8,20.0,81.0,5.82,1516981800.0
1110,athabasca,57.12828620751205,9.07,88.0,79.0,10.78,1516982702.0
1112,solnechnyy,58.34680405378036,-15.24,0.0,22.0,3.74,1516982703.0
1113,nizhniy+tsasuchey,49.28991633956725,-18.97,12.0,26.0,11.01,1516982705.0
1114,donskoye,55.55567973146736,15.8,90.0,92.0,22.37,1516980600.0
1115,grindavik,56.05589180581097,37.4,90.0,99.0,19.46,1516980600.0
1116,divnogorsk,55.67540606111444,-29.21,20.0,73.0,2.62,1516980600.0
1117,vestmannaeyjar,55.93827042073988,41.0,90.0,93.0,39.15,1516980240.0
1118,port-cartier,52.13842872411279,3.2,40.0,45.0,5.82,1516978800.0
1119,miedzychod,52.39436294340115,41.0,75.0,86.0,3.36,1516982400.0
1120,gimli,50.95065881495067,24.23,80.0,92.0,6.31,1516982435.0
1121,khani,56.099480271120136,44.6,75.0,81.0,3.36,1516980600.0
1122,iqaluit,56.856737775760905,-14.81,75.0,68.0,18.34,1516978800.0
1123,arman,55.24953108935542,3.2,40.0,91.0,2.24,1516978800.0
1124,sioux+lookout,52.290395726751086,24.8,90.0,85.0,8.05,1516978800.0
1129,sitka,58.39908448135481,47.63,12.0,39.0,16.82,1516982723.0
1130,kaa-khem,51.52355473040165,-45.43,20.0,0.0,2.28,1516982725.0
1131,yeniseysk,58.40046204630469,-29.55,36.0,49.0,2.73,1516982726.0
1132,kenai,60.952445640902454,10.4,1.0,78.0,16.11,1516978560.0
1135,vitim,59.20734104356498,-22.84,68.0,33.0,8.43,1516982729.0
1136,okhotsk,56.95313422193509,22.25,88.0,78.0,17.38,1516982731.0
1137,maniitsoq,60.89580489356512,18.56,80.0,100.0,10.0,1516982733.0
1138,flin+flon,60.92490145412498,5.0,90.0,84.0,9.17,1516978800.0
1139,killybegs,54.82284659903106,44.71,92.0,100.0,13.58,1516982736.0
1140,saint+anthony,54.71187433425844,21.2,20.0,92.0,6.93,1516979700.0
1142,zeya,55.59523181992958,-31.44,20.0,0.0,2.73,1516982739.0
1143,sergeyevka,53.11530908200495,-28.6,0.0,0.0,2.95,1516982740.0
1144,naerbo,58.65085789869594,37.4,20.0,86.0,3.36,1516981800.0
1146,ayan,58.41153593673825,22.79,20.0,78.0,2.17,1516982746.0
1147,siva,58.38053074719349,50.0,75.0,76.0,23.04,1516980000.0
1148,bagdarin,53.74618018099698,-37.87,20.0,0.0,2.39,1516982748.0
1153,shchelkun,56.187508029268066,1.4,0.0,54.0,8.95,1516980600.0
1154,krasnovishersk,60.34349671140284,13.61,88.0,82.0,20.62,1516982753.0
1156,severobaykalsk,54.99798115277229,-39.72,32.0,0.0,1.5,1516982755.0
1157,beringovskiy,55.80989344085579,15.05,36.0,89.0,7.76,1516982778.0
1159,mezhdurechenskiy,59.64621981045808,1.87,44.0,61.0,9.22,1516982779.0
1160,vichuga,57.11028175751148,17.66,92.0,84.0,17.72,1516982781.0
1161,lensk,61.62646377179431,-18.57,68.0,26.0,12.01,1516982782.0
1162,kodinsk,58.91980046197185,-24.55,56.0,37.0,3.96,1516982724.0
1163,aleksandrovskoye,57.526956790660684,-20.95,44.0,31.0,2.62,1516982785.0
1166,roros,62.27214367684423,23.0,8.0,73.0,10.29,1516981800.0
1167,ossora,62.08933673475787,32.6,92.0,98.0,21.97,1516982790.0
1168,klaksvik,64.6740643179781,33.8,20.0,69.0,9.17,1516981800.0
1171,pavino,59.26211464222638,-18.41,0.0,75.0,4.47,1516980600.0
1172,namtsy,63.50073983058049,-37.29,32.0,0.0,3.06,1516982795.0
1174,belyy+yar,61.28478354005683,-32.81,40.0,73.0,2.95,1516980600.0
1175,evensk,63.05279781930636,31.57,92.0,92.0,10.67,1516982798.0
1176,aykhal,65.77986988410377,-9.61,48.0,65.0,2.95,1516982800.0
1177,nanortalik,57.05680362959082,32.69,80.0,92.0,25.99,1516982801.0
1178,mackenzie,57.38687760412199,10.4,90.0,66.0,5.82,1516978800.0
1179,thompson,57.62460301598579,-4.01,90.0,76.0,10.29,1516981020.0
1180,kysyl-syr,64.56660850753636,-15.24,64.0,68.0,5.64,1516982806.0
1181,borgarnes,64.6988612586874,37.4,90.0,74.0,17.22,1516978800.0
1182,kargasok,59.63001133196299,-19.47,44.0,29.0,2.51,1516982809.0
1186,inuvik,67.53150224184003,-5.81,90.0,76.0,2.24,1516978800.0
1187,pangnirtung,60.72970366510768,-23.81,20.0,67.0,3.36,1516980840.0
1188,dokka,60.930494880423275,26.26,56.0,86.0,2.39,1516982815.0
1189,sterling,59.50122932289321,41.0,20.0,44.0,9.17,1516982160.0
1192,smithers,59.328851428121105,23.0,75.0,92.0,3.36,1516978800.0
1195,lieksa,63.515287360084,32.51,88.0,85.0,6.98,1516982820.0
1196,palmer,59.866172238295405,77.0,0.0,33.0,1.12,1516978800.0
1197,fort+nelson,61.757448736220596,-0.41,90.0,77.0,3.36,1516978800.0
1198,tasiilaq,64.1336140959013,26.6,90.0,68.0,33.33,1516978200.0
1199,nome,68.15998204588583,60.8,75.0,63.0,11.41,1516982100.0
1200,norman+wells,69.7355595609963,-23.81,40.0,74.0,2.24,1516979760.0
1201,qaqortoq,63.54417806260279,39.2,75.0,27.0,21.92,1516981800.0
1203,udachnyy,67.45155577539312,-3.0,68.0,72.0,4.29,1516982834.0
1204,mayya,61.36634489028931,-20.21,32.0,75.0,4.47,1516980600.0
1206,leshukonskoye,64.60673454204513,35.62,92.0,78.0,13.35,1516982837.0
1208,yellowknife,61.75791434055022,-25.61,40.0,67.0,3.36,1516978800.0
1210,raudeberg,65.39543997313797,33.8,75.0,100.0,9.17,1516981800.0
1212,ostrovnoy,70.5445668035156,21.44,8.0,88.0,23.53,1516982804.0
1213,aklavik,68.55566866961938,-5.81,90.0,70.0,14.99,1516978800.0
1215,tuktoyaktuk,70.1164071852683,-11.21,90.0,83.0,3.36,1516980960.0
1224,tromso,71.84326759857167,23.0,0.0,92.0,2.24,1516981800.0
1225,zhigansk,66.85658669858785,-30.45,20.0,51.0,3.18,1516982849.0
1227,kayerkan,71.8846865685401,-4.17,80.0,66.0,23.42,1516982853.0
1228,sistranda,65.23245667266657,35.6,75.0,93.0,18.34,1516981800.0
1231,almaznyy,65.1590054675674,13.7,48.0,87.0,13.02,1516982858.0
1232,svetlogorsk,68.03706644117771,-13.01,20.0,69.0,6.71,1516980600.0
1234,lavrentiya,70.77452559167907,-3.09,20.0,100.0,5.19,1516982861.0
1236,clyde+river,71.96741549158303,-22.01,20.0,74.0,3.36,1516978800.0
1237,skjervoy,69.90071051305884,32.0,90.0,100.0,10.29,1516981800.0
1238,tura,67.26191718755405,53.75,8.0,81.0,4.97,1516982866.0
1240,ilulissat,70.80464127097612,12.2,75.0,78.0,11.41,1516981800.0
1245,deputatskiy,72.74336513719248,-35.71,32.0,0.0,2.62,1516982869.0
1247,cherskiy,73.21872513965947,-11.05,80.0,74.0,2.84,1516982871.0
1251,vardo,71.05544002224072,39.2,1.0,55.0,5.82,1516982100.0
1252,yar-sale,75.72404857801413,14.02,76.0,87.0,24.65,1516982874.0
1254,barrow,67.42987759204057,76.7,64.0,51.0,13.8,1516982875.0
1255,chokurdakh,74.03458924724484,-26.71,48.0,42.0,3.29,1516982877.0
1257,kangaatsiaq,68.39344285109405,18.47,88.0,100.0,12.01,1516982878.0
1258,qaanaaq,76.99702751618211,-14.65,0.0,85.0,8.66,1516982880.0
1260,narsaq,76.4622761684522,39.2,75.0,27.0,21.92,1516981800.0
1270,dikson,77.02054896717652,8.93,76.0,86.0,29.8,1516982886.0
1271,honningsvag,74.17389290016064,32.0,75.0,99.0,27.51,1516981800.0
1273,khatanga,69.38022136559867,-5.7,68.0,72.0,12.35,1516982889.0
1282,leningradskiy,70.94096788543604,-2.1,80.0,86.0,14.47,1516982892.0
1283,saskylakh,77.3539312511264,-6.55,48.0,74.0,10.78,1516982894.0
1284,talnakh,73.51025431818675,-5.29,80.0,69.0,20.51,1516982895.0
1291,tiksi,75.62500413570919,-18.3,44.0,79.0,2.95,1516982898.0
1298,pevek,73.86263680960352,3.17,88.0,85.0,14.25,1516982900.0
1310,bilibino,76.84764982761085,-5.7,88.0,68.0,2.51,1516982901.0
1311,upernavik,81.38195178562573,-1.51,12.0,100.0,7.65,1516982903.0
